title,text,category
Diplomatic talks continue amid international tensions.,Diplomatic talks continue amid international tensions. Political leaders debated the new policies during a major conference.,Politics
The film received rave reviews from critics.,The film received rave reviews from critics. The music festival drew a large and enthusiastic crowd.,Entertainment
Innovative technology is revolutionizing the industry.,Innovative technology is revolutionizing the industry. Breakthroughs in AI are driving new applications every day.,Technology
The film received rave reviews from critics,The film received rave reviews from critics. Celebrity news has dominated headlines all week.,Entertainment
Celebrity news has dominated headlines all week.,Celebrity news has dominated headlines all week. The film received rave reviews from critics.,Entertainment
The player set a new record in an impressive performance.,The player set a new record in an impressive performance. Fans are excited about the upcoming championship.,Sports
Innovative technology is revolutionizing the industry,Innovative technology is revolutionizing the industry. Breakthroughs in AI are driving new applications every day.,Technology
Celebrity news has dominated headlines all week,Celebrity news has dominated headlines all week. The film received rave reviews from critics.,Entertainment
Diplomatic talks continue amid international tensions,Diplomatic talks continue amid international tensions. The election campaign has entered a crucial phase.,Politics
The team secured a thrilling victory in last night's game.,The team secured a thrilling victory in last night's game. The player set a new record in an impressive performance.,Sports
Fans are excited about the upcoming championship.,Fans are excited about the upcoming championship. The player set a new record in an impressive performance.,Sports
Political leaders debated the new policies during a major conference.,Political leaders debated the new policies during a major conference. Diplomatic talks continue amid international tensions.,Politics
The music festival drew a large and enthusiastic crowd.,The music festival drew a large and enthusiastic crowd. The film received rave reviews from critics.,Entertainment
The market experienced a significant change today.,The market experienced a significant change today. New regulations are impacting business operations globally.,Business
Political leaders debated the new policies during a major conference,Political leaders debated the new policies during a major conference. The election campaign has entered a crucial phase.,Politics
Fans are excited about the upcoming championship,Fans are excited about the upcoming championship. The player set a new record in an impressive performance.,Sports
New regulations are impacting business operations globally.,New regulations are impacting business operations globally. The market experienced a significant change today.,Business
Investors remain optimistic despite fluctuations in stock prices.,Investors remain optimistic despite fluctuations in stock prices. New regulations are impacting business operations globally.,Business
Breakthroughs in AI are driving new applications every day.,Breakthroughs in AI are driving new applications every day. The latest gadget has captured the attention of tech enthusiasts.,Technology
Breakthroughs in AI are driving new applications every day,Breakthroughs in AI are driving new applications every day. Innovative technology is revolutionizing the industry.,Technology
The player set a new record in an impressive performance,The player set a new record in an impressive performance. The team secured a thrilling victory in last night's game.,Sports
The election campaign has entered a crucial phase.,The election campaign has entered a crucial phase. Political leaders debated the new policies during a major conference.,Politics
The election campaign has entered a crucial phase,The election campaign has entered a crucial phase. Diplomatic talks continue amid international tensions.,Politics
The market experienced a significant change today,The market experienced a significant change today. New regulations are impacting business operations globally.,Business
The latest gadget has captured the attention of tech enthusiasts.,The latest gadget has captured the attention of tech enthusiasts. Innovative technology is revolutionizing the industry.,Technology
Investors remain optimistic despite fluctuations in stock prices,Investors remain optimistic despite fluctuations in stock prices. The market experienced a significant change today.,Business
The team secured a thrilling victory in last night's game,The team secured a thrilling victory in last night's game. Fans are excited about the upcoming championship.,Sports
New regulations are impacting business operations globally,New regulations are impacting business operations globally. Investors remain optimistic despite fluctuations in stock prices.,Business
The music festival drew a large and enthusiastic crowd,The music festival drew a large and enthusiastic crowd. Celebrity news has dominated headlines all week.,Entertainment
The latest gadget has captured the attention of tech enthusiasts,The latest gadget has captured the attention of tech enthusiasts. Breakthroughs in AI are driving new applications every day.,Technology
